sequence,molecular_weight,logp,tpsa,h_donors,absorption_score
AA,160.17,-1.08,92.42,3,0.4934
AC,192.24,-1.17,92.42,4,0.4478
AD,204.18,-1.62,129.72,4,0.293
AE,218.21,-1.23,129.72,4,0.3375
AF,236.27,0.15,92.42,3,0.6007
AG,146.15,-1.47,92.42,3,0.4492
AH,226.24,-1.13,121.1,4,0.3619
AI,202.25,-0.05,92.42,3,0.6053
AK,217.27,-0.97,118.44,4,0.4007
AL,202.25,-0.05,92.42,3,0.6053
AM,220.29,-0.34,92.42,3,0.5433
AN,203.2,-2.22,135.51,4,0.1925
AP,186.21,-0.59,83.63,2,0.5579
AQ,217.22,-1.83,135.51,4,0.237
AR,245.28,-1.83,154.32,6,0.171
AS,176.17,-2.1,112.65,4,0.2828
AT,190.2,-1.72,112.65,4,0.3271
AV,188.23,-0.44,92.42,3,0.5608
AW,275.31,0.63,108.21,4,0.6023
AY,252.27,-0.15,112.65,4,0.5001
CA,192.24,-1.17,92.42,4,0.4478
CC,224.31,-1.26,92.42,5,0.4023
CD,236.25,-1.71,129.72,5,0.2475
CE,250.28,-1.32,129.72,5,0.2919
CF,268.34,0.06,92.42,4,0.5552
CG,178.21,-1.56,92.42,4,0.4036
CH,258.3,-1.22,121.1,5,0.3163
CI,234.32,-0.14,92.42,4,0.5597
CK,249.34,-1.06,118.44,5,0.3551
CL,234.32,-0.14,92.42,4,0.5597
CM,252.36,-0.43,92.42,4,0.4977
CN,235.26,-2.31,135.51,5,0.147
CP,218.28,-0.68,83.63,3,0.5123
CQ,249.29,-1.92,135.51,5,0.1914
CR,277.35,-1.92,154.32,7,0.1254
CS,208.24,-2.19,112.65,5,0.2372
CT,222.27,-1.81,112.65,5,0.2815
CV,220.29,-0.53,92.42,4,0.5152
CW,307.38,0.54,108.21,5,0.5567
CY,284.34,-0.24,112.65,5,0.4545
DA,204.18,-1.62,129.72,4,0.293
DC,236.25,-1.71,129.72,5,0.2475
DD,248.19,-2.17,167.02,5,0.0926
DE,262.22,-1.78,167.02,5,0.1371
DF,280.28,-0.4,129.72,4,0.4004
DG,190.15,-2.01,129.72,4,0.2488
DH,270.25,-1.68,158.4,5,0.1615
DI,246.26,-0.6,129.72,4,0.4049
DK,261.28,-1.51,155.74,5,0.2003
DL,246.26,-0.6,129.72,4,0.4049
DM,264.3,-0.89,129.72,4,0.3429
DN,247.21,-2.77,172.81,5,0.05
DP,230.22,-1.14,120.93,3,0.3575
DQ,261.23,-2.38,172.81,5,0.05
DR,289.29,-2.38,191.62,7,0.05
DS,220.18,-2.65,149.95,5,0.0824
DT,234.21,-2.26,149.95,5,0.1267
DV,232.24,-0.99,129.72,4,0.3604
DW,319.32,0.08,145.51,5,0.4019
DY,296.28,-0.69,149.95,5,0.2997
EA,218.21,-1.23,129.72,4,0.3375
EC,250.28,-1.32,129.72,5,0.2919
ED,262.22,-1.78,167.02,5,0.1371
EE,276.25,-1.39,167.02,5,0.1816
EF,294.31,-0.01,129.72,4,0.4448
EG,204.18,-1.62,129.72,4,0.2933
EH,284.27,-1.29,158.4,5,0.206
EI,260.29,-0.21,129.72,4,0.4494
EK,275.31,-1.12,155.74,5,0.2448
EL,260.29,-0.21,129.72,4,0.4494
EM,278.33,-0.5,129.72,4,0.3874
EN,261.23,-2.38,172.81,5,0.05
EP,244.25,-0.75,120.93,3,0.402
EQ,275.26,-1.99,172.81,5,0.0811
ER,303.32,-1.99,191.62,7,0.05
ES,234.21,-2.26,149.95,5,0.1269
ET,248.24,-1.87,149.95,5,0.1712
EV,246.26,-0.6,129.72,4,0.4049
EW,333.34,0.47,145.51,5,0.4464
EY,310.31,-0.3,149.95,5,0.3442
FA,236.27,0.15,92.42,3,0.6007
FC,268.34,0.06,92.42,4,0.5552
FD,280.28,-0.4,129.72,4,0.4004
FE,294.31,-0.01,129.72,4,0.4448
FF,312.37,1.37,92.42,3,0.7081
FG,222.24,-0.24,92.42,3,0.5565
FH,302.33,0.09,121.1,4,0.4692
FI,278.35,1.17,92.42,3,0.7126
FK,293.37,0.25,118.44,4,0.508
FL,278.35,1.17,92.42,3,0.7126
FM,296.39,0.88,92.42,3,0.6506
FN,279.3,-1.0,135.51,4,0.2999
FP,262.31,0.63,83.63,2,0.6652
FQ,293.32,-0.61,135.51,4,0.3444
FR,321.38,-0.61,154.32,6,0.2783
FS,252.27,-0.88,112.65,4,0.3901
FT,266.3,-0.49,112.65,4,0.4344
FV,264.32,0.78,92.42,3,0.6681
FW,351.41,1.85,108.21,4,0.7096
FY,328.37,1.07,112.65,4,0.6074
GA,146.15,-1.47,92.42,3,0.4492
GC,178.21,-1.56,92.42,4,0.4036
GD,190.15,-2.01,129.72,4,0.2488
GE,204.18,-1.62,129.72,4,0.2933
GF,222.24,-0.24,92.42,3,0.5565
GG,132.12,-1.85,92.42,3,0.4049
GH,212.21,-1.52,121.1,4,0.3176
GI,188.23,-0.44,92.42,3,0.561
GK,203.24,-1.36,118.44,4,0.3564
GL,188.23,-0.44,92.42,3,0.561
GM,206.27,-0.73,92.42,3,0.499
GN,189.17,-2.61,135.51,4,0.1483
GP,172.18,-0.98,83.63,2,0.5137
GQ,203.2,-2.22,135.51,4,0.1928
GR,231.26,-2.22,154.32,6,0.1268
GS,162.14,-2.49,112.65,4,0.2386
GT,176.17,-2.1,112.65,4,0.2828
GV,174.2,-0.83,92.42,3,0.5165
GW,261.28,0.24,108.21,4,0.5581
GY,238.24,-0.54,112.65,4,0.4559
HA,226.24,-1.13,121.1,4,0.3619
HC,258.3,-1.22,121.1,5,0.3163
HD,270.25,-1.68,158.4,5,0.1615
HE,284.27,-1.29,158.4,5,0.206
HF,302.33,0.09,121.1,4,0.4692
HG,212.21,-1.52,121.1,4,0.3176
HH,292.3,-1.19,149.78,5,0.2303
HI,268.32,-0.11,121.1,4,0.4737
HK,283.33,-1.02,147.12,5,0.2691
HL,268.32,-0.11,121.1,4,0.4737
HM,286.36,-0.4,121.1,4,0.4117
HN,269.26,-2.28,164.19,5,0.061
HP,252.27,-0.64,112.31,3,0.4264
HQ,283.29,-1.89,164.19,5,0.1055
HR,311.35,-1.89,183.0,7,0.05
HS,242.24,-2.16,141.33,5,0.1513
HT,256.26,-1.77,141.33,5,0.1955
HV,254.29,-0.5,121.1,4,0.4292
HW,341.37,0.57,136.89,5,0.4708
HY,318.33,-0.2,141.33,5,0.3686
IA,202.25,-0.05,92.42,3,0.6053
IC,234.32,-0.14,92.42,4,0.5597
ID,246.26,-0.6,129.72,4,0.4049
IE,260.29,-0.21,129.72,4,0.4494
IF,278.35,1.17,92.42,3,0.7126
IG,188.23,-0.44,92.42,3,0.561
IH,268.32,-0.1,121.1,4,0.4737
II,244.33,0.98,92.42,3,0.7171
IK,259.35,0.06,118.44,4,0.5125
IL,244.33,0.98,92.42,3,0.7171
IM,262.37,0.68,92.42,3,0.6551
IN,245.28,-1.2,135.51,4,0.3044
IP,228.29,0.44,83.63,2,0.6698
IQ,259.31,-0.81,135.51,4,0.3489
IR,287.36,-0.81,154.32,6,0.2829
IS,218.25,-1.08,112.65,4,0.3947
IT,232.28,-0.69,112.65,4,0.4389
IV,230.31,0.59,92.42,3,0.6726
IW,317.39,1.65,108.21,4,0.7142
IY,294.35,0.88,112.65,4,0.612
KA,217.27,-0.97,118.44,4,0.4007
KC,249.34,-1.06,118.44,5,0.3551
KD,261.28,-1.51,155.74,5,0.2003
KE,275.31,-1.12,155.74,5,0.2448
KF,293.37,0.25,118.44,4,0.508
KG,203.24,-1.36,118.44,4,0.3564
KH,283.33,-1.02,147.12,5,0.2691
KI,259.35,0.06,118.44,4,0.5125
KK,274.37,-0.86,144.46,5,0.3079
KL,259.35,0.06,118.44,4,0.5125
KM,277.39,-0.23,118.44,4,0.4505
KN,260.29,-2.11,161.53,5,0.0998
KP,243.31,-0.48,109.65,3,0.4651
KQ,274.32,-1.72,161.53,5,0.1443
KR,302.38,-1.72,180.34,7,0.0782
KS,233.27,-2.0,138.67,5,0.1901
KT,247.3,-1.61,138.67,5,0.2343
KV,245.32,-0.33,118.44,4,0.468
KW,332.4,0.74,134.23,5,0.5096
KY,309.37,-0.04,138.67,5,0.4074
LA,202.25,-0.05,92.42,3,0.6053
LC,234.32,-0.14,92.42,4,0.5597
LD,246.26,-0.6,129.72,4,0.4049
LE,260.29,-0.21,129.72,4,0.4494
LF,278.35,1.17,92.42,3,0.7126
LG,188.23,-0.44,92.42,3,0.561
LH,268.32,-0.1,121.1,4,0.4737
LI,244.33,0.98,92.42,3,0.7171
LK,259.35,0.06,118.44,4,0.5125
LL,244.33,0.98,92.42,3,0.7171
LM,262.37,0.68,92.42,3,0.6551
LN,245.28,-1.2,135.51,4,0.3044
LP,228.29,0.44,83.63,2,0.6698
LQ,259.31,-0.81,135.51,4,0.3489
LR,287.36,-0.81,154.32,6,0.2829
LS,218.25,-1.08,112.65,4,0.3947
LT,232.28,-0.69,112.65,4,0.4389
LV,230.31,0.59,92.42,3,0.6726
LW,317.39,1.65,108.21,4,0.7142
LY,294.35,0.88,112.65,4,0.612
MA,220.29,-0.34,92.42,3,0.5433
MC,252.36,-0.43,92.42,4,0.4977
MD,264.3,-0.89,129.72,4,0.3429
ME,278.33,-0.5,129.72,4,0.3874
MF,296.39,0.88,92.42,3,0.6506
MG,206.27,-0.73,92.42,3,0.499
MH,286.36,-0.4,121.1,4,0.4117
MI,262.38,0.68,92.42,3,0.6551
MK,277.39,-0.23,118.44,4,0.4505
ML,262.38,0.68,92.42,3,0.6551
MM,280.42,0.39,92.42,3,0.5931
MN,263.32,-1.49,135.51,4,0.2424
MP,246.33,0.14,83.63,2,0.6078
MQ,277.35,-1.1,135.51,4,0.2869
MR,305.4,-1.1,154.32,6,0.2209
MS,236.29,-1.37,112.65,4,0.3327
MT,250.32,-0.98,112.65,4,0.3769
MV,248.35,0.29,92.42,3,0.6106
MW,335.43,1.36,108.21,4,0.6522
MY,312.39,0.58,112.65,4,0.55
NA,203.2,-2.22,135.51,4,0.1925
NC,235.27,-2.31,135.51,5,0.147
ND,247.21,-2.77,172.81,5,0.05
NE,261.23,-2.38,172.81,5,0.05
NF,279.3,-1.0,135.51,4,0.2999
NG,189.17,-2.61,135.51,4,0.1483
NH,269.26,-2.28,164.19,5,0.061
NI,245.28,-1.2,135.51,4,0.3044
NK,260.29,-2.11,161.53,5,0.0998
NL,245.28,-1.2,135.51,4,0.3044
NM,263.32,-1.49,135.51,4,0.2424
NN,246.22,-3.37,178.6,5,0.05
NP,229.24,-1.74,126.72,3,0.257
NQ,260.25,-2.98,178.6,5,0.05
NR,288.31,-2.98,197.41,7,0.05
NS,219.2,-3.25,155.74,5,0.05
NT,233.22,-2.86,155.74,5,0.05
NV,231.25,-1.59,135.51,4,0.2599
NW,318.33,-0.52,151.3,5,0.3014
NY,295.3,-1.29,155.74,5,0.1992
PA,186.21,-0.67,78.43,3,0.5561
PC,218.28,-0.76,78.43,4,0.5105
PD,230.22,-1.22,115.73,4,0.3557
PE,244.25,-0.83,115.73,4,0.4002
PF,262.31,0.55,78.43,3,0.6634
PG,172.18,-1.06,78.43,3,0.5118
PH,252.27,-0.73,107.11,4,0.4245
PI,228.29,0.35,78.43,3,0.6679
PK,243.31,-0.56,104.45,4,0.4633
PL,228.29,0.35,78.43,3,0.6679
PM,246.33,0.06,78.43,3,0.6059
PN,229.24,-1.82,121.52,4,0.2552
PP,212.25,-0.19,69.64,2,0.6206
PQ,243.26,-1.43,121.52,4,0.2997
PR,271.32,-1.43,140.33,6,0.2337
PS,202.21,-1.7,98.66,4,0.3455
PT,216.24,-1.31,98.66,4,0.3897
PV,214.27,-0.04,78.43,3,0.6234
PW,301.35,1.03,94.22,4,0.665
PY,278.31,0.26,98.66,4,0.5628
QA,217.23,-1.83,135.51,4,0.237
QC,249.29,-1.92,135.51,5,0.1914
QD,261.23,-2.38,172.81,5,0.05
QE,275.26,-1.99,172.81,5,0.0811
QF,293.32,-0.61,135.51,4,0.3444
QG,203.2,-2.22,135.51,4,0.1928
QH,283.29,-1.89,164.19,5,0.1055
QI,259.31,-0.81,135.51,4,0.3489
QK,274.32,-1.72,161.53,5,0.1443
QL,259.31,-0.81,135.51,4,0.3489
QM,277.35,-1.1,135.51,4,0.2869
QN,260.25,-2.98,178.6,5,0.05
QP,243.26,-1.35,126.72,3,0.3015
QQ,274.28,-2.59,178.6,5,0.05
QR,302.33,-2.59,197.41,7,0.05
QS,233.22,-2.86,155.74,5,0.05
QT,247.25,-2.47,155.74,5,0.0707
QV,245.28,-1.2,135.51,4,0.3044
QW,332.36,-0.13,151.3,5,0.3459
QY,309.32,-0.9,155.74,5,0.2437
RA,245.28,-1.83,154.32,6,0.171
RC,277.35,-1.92,154.32,7,0.1254
RD,289.29,-2.38,191.62,7,0.05
RE,303.32,-1.99,191.62,7,0.05
RF,321.38,-0.61,154.32,6,0.2783
RG,231.26,-2.22,154.32,6,0.1268
RH,311.35,-1.89,183.0,7,0.05
RI,287.36,-0.81,154.32,6,0.2829
RK,302.38,-1.72,180.34,7,0.0782
RL,287.36,-0.81,154.32,6,0.2829
RM,305.4,-1.1,154.32,6,0.2209
RN,288.31,-2.98,197.41,7,0.05
RP,271.32,-1.35,145.53,5,0.2355
RQ,302.34,-2.59,197.41,7,0.05
RR,330.39,-2.59,216.22,9,0.05
RS,261.28,-2.86,174.55,7,0.05
RT,275.31,-2.47,174.55,7,0.05
RV,273.34,-1.2,154.32,6,0.2384
RW,360.42,-0.13,170.11,7,0.2799
RY,337.38,-0.91,174.55,7,0.1777
SA,176.17,-2.1,112.65,4,0.2828
SC,208.24,-2.19,112.65,5,0.2372
SD,220.18,-2.65,149.95,5,0.0824
SE,234.21,-2.26,149.95,5,0.1269
SF,252.27,-0.88,112.65,4,0.3901
SG,162.15,-2.49,112.65,4,0.2386
SH,242.24,-2.16,141.33,5,0.1513
SI,218.25,-1.08,112.65,4,0.3947
SK,233.27,-2.0,138.67,5,0.1901
SL,218.25,-1.08,112.65,4,0.3947
SM,236.29,-1.37,112.65,4,0.3327
SN,219.2,-3.25,155.74,5,0.05
SP,202.21,-1.62,103.86,3,0.3473
SQ,233.22,-2.86,155.74,5,0.05
SR,261.28,-2.86,174.55,7,0.05
SS,192.17,-3.13,132.88,5,0.0722
ST,206.2,-2.74,132.88,5,0.1165
SV,204.23,-1.47,112.65,4,0.3502
SW,291.31,-0.4,128.44,5,0.3917
SY,268.27,-1.18,132.88,5,0.2895
TA,190.2,-1.72,112.65,4,0.3271
TC,222.27,-1.81,112.65,5,0.2815
TD,234.21,-2.26,149.95,5,0.1267
TE,248.23,-1.87,149.95,5,0.1712
TF,266.3,-0.49,112.65,4,0.4344
TG,176.17,-2.1,112.65,4,0.2828
TH,256.26,-1.77,141.33,5,0.1955
TI,232.28,-0.69,112.65,4,0.4389
TK,247.29,-1.61,138.67,5,0.2343
TL,232.28,-0.69,112.65,4,0.4389
TM,250.32,-0.98,112.65,4,0.3769
TN,233.22,-2.86,155.74,5,0.05
TP,216.24,-1.23,103.86,3,0.3916
TQ,247.25,-2.47,155.74,5,0.0707
TR,275.31,-2.47,174.55,7,0.05
TS,206.2,-2.74,132.88,5,0.1165
TT,220.22,-2.36,132.88,5,0.1607
TV,218.25,-1.08,112.65,4,0.3944
TW,305.33,-0.01,128.44,5,0.436
TY,282.3,-0.79,132.88,5,0.3338
VA,188.23,-0.44,92.42,3,0.5608
VC,220.29,-0.53,92.42,4,0.5152
VD,232.24,-0.99,129.72,4,0.3604
VE,246.26,-0.6,129.72,4,0.4049
VF,264.32,0.78,92.42,3,0.6681
VG,174.2,-0.83,92.42,3,0.5165
VH,254.29,-0.5,121.1,4,0.4292
VI,230.31,0.59,92.42,3,0.6726
VK,245.32,-0.33,118.44,4,0.468
VL,230.31,0.59,92.42,3,0.6726
VM,248.35,0.29,92.42,3,0.6106
VN,231.25,-1.59,135.51,4,0.2599
VP,214.26,0.05,83.63,2,0.6253
VQ,245.28,-1.2,135.51,4,0.3044
VR,273.34,-1.2,154.32,6,0.2384
VS,204.23,-1.47,112.65,4,0.3502
VT,218.25,-1.08,112.65,4,0.3944
VV,216.28,0.2,92.42,3,0.6281
VW,303.36,1.26,108.21,4,0.6697
VY,280.32,0.49,112.65,4,0.5675
WA,275.31,0.63,108.21,4,0.6023
WC,307.38,0.54,108.21,5,0.5567
WD,319.32,0.08,145.51,5,0.4019
WE,333.34,0.47,145.51,5,0.4464
WF,351.41,1.85,108.21,4,0.7096
WG,261.28,0.24,108.21,4,0.5581
WH,341.37,0.57,136.89,5,0.4708
WI,317.39,1.65,108.21,4,0.7142
WK,332.4,0.74,134.23,5,0.5096
WL,317.39,1.65,108.21,4,0.7142
WM,335.43,1.36,108.21,4,0.6522
WN,318.33,-0.52,151.3,5,0.3014
WP,301.35,1.11,99.42,3,0.6668
WQ,332.36,-0.13,151.3,5,0.3459
WR,360.42,-0.13,170.11,7,0.2799
WS,291.31,-0.4,128.44,5,0.3917
WT,305.33,-0.01,128.44,5,0.436
WV,303.36,1.26,108.21,4,0.6697
WW,390.44,2.33,124.0,5,0.7112
WY,367.41,1.56,128.44,5,0.609
YA,252.27,-0.15,112.65,4,0.5001
YC,284.34,-0.24,112.65,5,0.4545
YD,296.28,-0.69,149.95,5,0.2997
YE,310.31,-0.3,149.95,5,0.3442
YF,328.37,1.07,112.65,4,0.6074
YG,238.24,-0.54,112.65,4,0.4559
YH,318.33,-0.2,141.33,5,0.3686
YI,294.35,0.88,112.65,4,0.612
YK,309.37,-0.04,138.67,5,0.4074
YL,294.35,0.88,112.65,4,0.612
YM,312.39,0.58,112.65,4,0.55
YN,295.3,-1.29,155.74,5,0.1992
YP,278.31,0.34,103.86,3,0.5646
YQ,309.32,-0.9,155.74,5,0.2437
YR,337.38,-0.91,174.55,7,0.1777
YS,268.27,-1.18,132.88,5,0.2895
YT,282.3,-0.79,132.88,5,0.3338
YV,280.32,0.49,112.65,4,0.5675
YW,367.41,1.56,128.44,5,0.609
YY,344.37,0.78,132.88,5,0.5068
AAA,231.25,-1.57,121.52,4,0.2898
AAC,263.32,-1.66,121.52,5,0.2443
AAD,275.26,-2.12,158.82,5,0.0895
AAE,289.29,-1.73,158.82,5,0.1339
AAF,307.35,-0.35,121.52,4,0.3972
ACA,263.32,-1.66,121.52,5,0.2443
ACC,295.39,-1.75,121.52,6,0.1987
ACD,307.33,-2.21,158.82,6,0.05
ACE,321.36,-1.82,158.82,6,0.0884
ACF,339.42,-0.44,121.52,5,0.3516
ADA,275.26,-2.12,158.82,5,0.0895
ADC,307.33,-2.21,158.82,6,0.05
ADD,319.27,-2.66,196.12,6,0.05
ADE,333.3,-2.27,196.12,6,0.05
ADF,351.36,-0.89,158.82,5,0.1968
AEA,289.29,-1.73,158.82,5,0.1339
AEC,321.36,-1.82,158.82,6,0.0884
AED,333.3,-2.27,196.12,6,0.05
AEE,347.32,-1.88,196.12,6,0.05
AEF,365.39,-0.5,158.82,5,0.2413
AFA,307.35,-0.35,121.52,4,0.3972
AFC,339.42,-0.44,121.52,5,0.3516
AFD,351.36,-0.89,158.82,5,0.1968
AFE,365.39,-0.5,158.82,5,0.2413
AFF,383.45,0.87,121.52,4,0.5045
CAA,263.32,-1.66,121.52,5,0.2443
CAC,295.39,-1.75,121.52,6,0.1987
CAD,307.33,-2.21,158.82,6,0.05
CAE,321.36,-1.82,158.82,6,0.0884
CAF,339.42,-0.44,121.52,5,0.3516
CCA,295.39,-1.75,121.52,6,0.1987
CCC,327.45,-1.84,121.52,7,0.1531
CCD,339.4,-2.3,158.82,7,0.05
CCE,353.42,-1.91,158.82,7,0.05
CCF,371.48,-0.53,121.52,6,0.306
CDA,307.33,-2.21,158.82,6,0.05
CDC,339.4,-2.3,158.82,7,0.05
CDD,351.34,-2.75,196.12,7,0.05
CDE,365.36,-2.36,196.12,7,0.05
CDF,383.43,-0.98,158.82,6,0.1512
CEA,321.36,-1.82,158.82,6,0.0884
CEC,353.42,-1.91,158.82,7,0.05
CED,365.36,-2.36,196.12,7,0.05
CEE,379.39,-1.97,196.12,7,0.05
CEF,397.45,-0.59,158.82,6,0.1957
CFA,339.42,-0.44,121.52,5,0.3516
CFC,371.48,-0.53,121.52,6,0.306
CFD,383.43,-0.98,158.82,6,0.1512
CFE,397.45,-0.59,158.82,6,0.1957
CFF,415.52,0.78,121.52,5,0.4589
DAA,275.26,-2.12,158.82,5,0.0895
DAC,307.33,-2.21,158.82,6,0.05
DAD,319.27,-2.66,196.12,6,0.05
DAE,333.3,-2.27,196.12,6,0.05
DAF,351.36,-0.89,158.82,5,0.1968
DCA,307.33,-2.21,158.82,6,0.05
DCC,339.4,-2.3,158.82,7,0.05
DCD,351.34,-2.75,196.12,7,0.05
DCE,365.36,-2.36,196.12,7,0.05
DCF,383.43,-0.98,158.82,6,0.1512
DDA,319.27,-2.66,196.12,6,0.05
DDC,351.34,-2.75,196.12,7,0.05
DDD,363.28,-3.21,233.42,7,0.05
DDE,377.31,-2.82,233.42,7,0.05
DDF,395.37,-1.44,196.12,6,0.05
DEA,333.3,-2.27,196.12,6,0.05
DEC,365.36,-2.36,196.12,7,0.05
DED,377.31,-2.82,233.42,7,0.05
DEE,391.33,-2.43,233.42,7,0.05
DEF,409.4,-1.05,196.12,6,0.05
DFA,351.36,-0.89,158.82,5,0.1968
DFC,383.43,-0.98,158.82,6,0.1512
DFD,395.37,-1.44,196.12,6,0.05
DFE,409.4,-1.05,196.12,6,0.05
DFF,427.46,0.33,158.82,5,0.3041
EAA,289.29,-1.73,158.82,5,0.1339
EAC,321.36,-1.82,158.82,6,0.0884
EAD,333.3,-2.27,196.12,6,0.05
EAE,347.32,-1.88,196.12,6,0.05
EAF,365.39,-0.5,158.82,5,0.2413
ECA,321.36,-1.82,158.82,6,0.0884
ECC,353.42,-1.91,158.82,7,0.05
ECD,365.36,-2.36,196.12,7,0.05
ECE,379.39,-1.97,196.12,7,0.05
ECF,397.45,-0.59,158.82,6,0.1957
EDA,333.3,-2.27,196.12,6,0.05
EDC,365.36,-2.36,196.12,7,0.05
EDD,377.31,-2.82,233.42,7,0.05
EDE,391.33,-2.43,233.42,7,0.05
EDF,409.4,-1.05,196.12,6,0.05
EEA,347.32,-1.88,196.12,6,0.05
EEC,379.39,-1.97,196.12,7,0.05
EED,391.33,-2.43,233.42,7,0.05
EEE,405.36,-2.04,233.42,7,0.05
EEF,423.42,-0.66,196.12,6,0.0854
EFA,365.39,-0.5,158.82,5,0.2413
EFC,397.45,-0.59,158.82,6,0.1957
EFD,409.4,-1.05,196.12,6,0.05
EFE,423.42,-0.66,196.12,6,0.0854
EFF,441.48,0.72,158.82,5,0.3486
FAA,307.35,-0.35,121.52,4,0.3972
FAC,339.42,-0.44,121.52,5,0.3516
FAD,351.36,-0.89,158.82,5,0.1968
FAE,365.39,-0.5,158.82,5,0.2413
FAF,383.45,0.87,121.52,4,0.5045
FCA,339.42,-0.44,121.52,5,0.3516
FCC,371.48,-0.53,121.52,6,0.306
FCD,383.43,-0.98,158.82,6,0.1512
FCE,397.45,-0.59,158.82,6,0.1957
FCF,415.52,0.78,121.52,5,0.4589
FDA,351.36,-0.89,158.82,5,0.1968
FDC,383.43,-0.98,158.82,6,0.1512
FDD,395.37,-1.44,196.12,6,0.05
FDE,409.4,-1.05,196.12,6,0.05
FDF,427.46,0.33,158.82,5,0.3041
FEA,365.39,-0.5,158.82,5,0.2413
FEC,397.45,-0.59,158.82,6,0.1957
FED,409.4,-1.05,196.12,6,0.05
FEE,423.42,-0.66,196.12,6,0.0854
FEF,441.48,0.72,158.82,5,0.3486
FFA,383.45,0.87,121.52,4,0.5045
FFC,415.52,0.78,121.52,5,0.4589
FFD,427.46,0.33,158.82,5,0.3041
FFE,441.48,0.72,158.82,5,0.3486
FFF,459.55,2.1,121.52,4,0.6118
